participant,project,req_id,file,method,verdict,defect_type,start_time,end_time,notes
P2,ecommerce-order,REQ-001,OrderValidator.java,validateAmount,defective,约束条件不满足,0.0,3.1,simulated
P2,ecommerce-order,REQ-002,OrderService.java,createOrder,consistent,,3.1,6.3,simulated
P2,ecommerce-order,REQ-003,OrderService.java,completeOrder,defective,业务逻辑不一致,6.3,8.3,simulated
P2,ecommerce-order,REQ-004,OrderService.java,payOrder,defective,约束条件不满足,8.3,10.5,simulated
P2,ecommerce-order,REQ-005,InventoryManager.java,deduct,consistent,,10.5,12.7,simulated
P2,ecommerce-order,REQ-006,OrderService.java,refundOrder,defective,业务逻辑不一致,12.7,14.9,simulated
P2,ecommerce-order,REQ-007,OrderService.java,cancelOrder,consistent,,14.9,17.9,simulated
P2,ecommerce-order,REQ-008,OrderService.java,queryById,consistent,,17.9,20.7,simulated
P2,ecommerce-order,REQ-010,OrderService.java,queryByStatus,consistent,,20.7,22.7,simulated
P2,ecommerce-order,REQ-012,OrderService.java,getTotalAmount,consistent,,22.7,25.1,simulated
P2,ecommerce-order,REQ-005,InventoryManager.java,checkStock,defective,业务逻辑不一致,25.1,27.6,simulated
P2,ecommerce-order,REQ-003,OrderValidator.java,validateOrderParams,consistent,,27.6,30.5,simulated
P2,ecommerce-order,REQ-006,PaymentService.java,processRefund,defective,业务逻辑不一致,30.5,33.0,simulated
P2,ecommerce-order,REQ-001,OrderValidator.java,validateOrderParams,defective,约束条件不满足,33.0,35.8,simulated
P2,ecommerce-order,REQ-009,OrderService.java,getOrderCount,defective,需求缺失,35.8,38.0,simulated
P2,api-service,REQ-002,NotificationService.java,checkIdempotent,defective,业务逻辑不一致,38.0,41.0,simulated
P2,api-service,REQ-003,NotificationService.java,checkRateLimit,defective,业务逻辑不一致,41.0,43.1,simulated
P2,api-service,REQ-001,NotificationService.java,validateParams,defective,约束条件不满足,43.1,46.1,simulated
P2,api-service,REQ-004,TemplateManager.java,create,consistent,,46.1,49.0,simulated
P2,api-service,REQ-001,NotificationService.java,doSend,consistent,,49.0,51.8,simulated
P2,api-service,REQ-005,NotificationService.java,queryHistory,defective,需求缺失,51.8,53.9,simulated
P2,api-service,REQ-006,NotificationService.java,batchProcess,consistent,,53.9,57.1,simulated
P2,api-service,REQ-007,NotificationService.java,updateDeliveryStatus,defective,需求缺失,57.1,59.2,simulated
P2,api-service,REQ-008,BlacklistManager.java,add,consistent,,59.2,61.7,simulated
P2,api-service,REQ-006,NotificationService.java,getBatchProgress,consistent,,61.7,64.5,simulated
P2,api-service,REQ-010,NotificationService.java,getSuccessRate,consistent,,64.5,66.5,simulated
P2,api-service,REQ-008,BlacklistManager.java,listAll,consistent,,66.5,69.7,simulated
P2,exam-system,REQ-001,ExamService.java,createExam,defective,约束条件不满足,69.7,72.7,simulated
P2,exam-system,REQ-004,ExamService.java,submitExam,defective,业务逻辑不一致,72.7,74.8,simulated
P2,exam-system,REQ-004,ExamService.java,autoGrade,consistent,,74.8,77.5,simulated
P2,exam-system,REQ-006,GradingService.java,gradeEssay,defective,,77.5,80.3,simulated
P2,exam-system,REQ-007,ExamService.java,getStatistics,defective,业务逻辑不一致,80.3,82.6,simulated
P2,exam-system,REQ-008,ExamService.java,detectCheating,defective,需求缺失,82.6,85.2,simulated
P2,exam-system,REQ-010,ExamService.java,exportResults,consistent,,85.2,88.2,simulated
P2,exam-system,REQ-011,QuestionBank.java,importQuestions,defective,,88.2,90.5,simulated
P2,exam-system,REQ-001,ExamService.java,createExam,defective,约束条件不满足,90.5,93.5,simulated
P2,exam-system,REQ-002,QuestionBank.java,removeQuestion,consistent,,93.5,96.6,simulated
P2,exam-system,REQ-005,ScoreCalculator.java,gradeExam,defective,,96.6,98.8,simulated
P2,exam-system,REQ-007,ScoreCalculator.java,calculateStatistics,consistent,,98.8,101.1,simulated
P2,exam-system,REQ-009,GradingService.java,reviewGrade,consistent,,101.1,103.3,simulated
P2,exam-system,REQ-009,GradingService.java,processAppeal,consistent,,103.3,105.4,simulated
P2,exam-system,REQ-008,ExamService.java,recordTabSwitch,consistent,,105.4,107.8,simulated
P2,ticket-system,REQ-T003,TicketService.java,createTicket,consistent,,107.8,110.2,simulated
P2,ticket-system,REQ-T004,TicketStateValidator.java,validateTransition,defective,,110.2,112.7,simulated
P2,ticket-system,REQ-T006,TicketStateValidator.java,canAccept,consistent,,112.7,115.0,simulated
P2,ticket-system,REQ-T019,TicketService.java,resolveTicket,consistent,,115.0,117.2,simulated
P2,ticket-system,REQ-T020,TicketService.java,batchImport,consistent,,117.2,120.3,simulated
P2,ticket-system,REQ-T012,TicketQueryService.java,queryById,consistent,,120.3,123.0,simulated
P2,ticket-system,REQ-T018,TicketValidator.java,containsSensitiveWord,consistent,,123.0,125.1,simulated
P2,ticket-system,REQ-T024,TicketValidator.java,validateAttachmentSize,consistent,,125.1,127.2,simulated
P2,ticket-system,REQ-T016,SlaCalculator.java,countSlaBreaches,consistent,,127.2,129.8,simulated
P2,ticket-system,REQ-T026,TicketArchiveService.java,archiveExpiredTickets,consistent,,129.8,132.1,simulated
P2,ticket-system,REQ-T016,SlaCalculator.java,isBreached,consistent,,132.1,134.2,simulated
P2,ticket-system,REQ-T018,TicketService.java,createTicket,consistent,,134.2,137.0,simulated
P2,ticket-system,REQ-T002,TicketValidator.java,validatePriority,defective,约束条件不满足,137.0,139.8,simulated
P2,ticket-system,REQ-T005,SlaCalculator.java,computeDeadlineHours,defective,业务逻辑不一致,139.8,142.1,simulated
P2,ticket-system,REQ-T007,TicketService.java,assignTicket,defective,业务逻辑不一致,142.1,145.1,simulated
P2,ticket-system,REQ-T009,TicketService.java,reopenTicket,defective,约束条件不满足,145.1,147.5,simulated
P2,ticket-system,REQ-T010,TicketService.java,escalateIfOverdue,defective,业务逻辑不一致,147.5,150.6,simulated
P2,ticket-system,REQ-T014,TicketQueryService.java,queryByAssignee,defective,约束条件不满足,150.6,152.9,simulated
P2,ticket-system,REQ-T001,TicketService.java,createTicket,consistent,,152.9,155.1,simulated
P2,library-system,REQ-L004,BorrowService.java,borrowBook,consistent,,155.1,157.7,simulated
P2,library-system,REQ-L005,BorrowService.java,borrowBook,consistent,,157.7,159.9,simulated
P2,library-system,REQ-L007,FineCalculator.java,computeFine,consistent,,159.9,162.7,simulated
P2,library-system,REQ-L011,FineCalculator.java,isCreditBlockedByDebt,consistent,,162.7,164.8,simulated
P2,library-system,REQ-L013,LibraryQueryService.java,reserveBook,consistent,,164.8,167.8,simulated
P2,library-system,REQ-L015,LibraryQueryService.java,queryBorrowingByReader,consistent,,167.8,170.6,simulated
P2,library-system,REQ-L017,LibraryQueryService.java,countBorrowingByCategory,consistent,,170.6,173.1,simulated
P2,library-system,REQ-L018,LibraryQueryService.java,searchByIsbn,consistent,,173.1,176.1,simulated
P2,library-system,REQ-L019,BorrowService.java,reissueCard,consistent,,176.1,178.7,simulated
P2,library-system,REQ-L020,BookManageService.java,addBook,consistent,,178.7,181.2,simulated
P2,library-system,REQ-L020,BorrowValidator.java,validateBookInfo,consistent,,181.2,183.3,simulated
P2,library-system,REQ-L003,BorrowValidator.java,validateStock,consistent,,183.3,186.4,simulated
P2,library-system,REQ-L003,BorrowService.java,borrowBook,consistent,,186.4,188.5,simulated
P2,library-system,REQ-L002,BorrowValidator.java,validateQuota,defective,业务逻辑不一致,188.5,190.9,simulated
P2,library-system,REQ-L006,BorrowService.java,returnBook,defective,业务逻辑不一致,190.9,193.6,simulated
P2,library-system,REQ-L009,BorrowService.java,renewBook,defective,业务逻辑不一致,193.6,195.8,simulated
P2,library-system,REQ-L012,FineCalculator.java,isCreditBlockedByOverdue,defective,业务逻辑不一致,195.8,198.0,simulated
P2,library-system,REQ-L016,LibraryQueryService.java,queryOverdue,defective,业务逻辑不一致,198.0,201.0,simulated
P2,library-system,REQ-L011,BorrowService.java,borrowBook,consistent,,201.0,203.2,simulated
P2,ticket-system,REQ-T006,TicketService.java,acceptTicket,consistent,,203.2,206.1,simulated
P2,ticket-system,REQ-T029,NotificationService.java,clearUnreadNotices,defective,,206.1,209.2,simulated
P2,library-system,REQ-L023,LibraryReportService.java,countLifetimeBorrows,consistent,,209.2,211.3,simulated
P2,library-system,REQ-L025,LibraryQueryService.java,searchByAuthor,consistent,,211.3,214.4,simulated
P2,library-system,REQ-L006,FineCalculator.java,computeFine,consistent,,214.4,216.5,simulated
